Sequence_Name,Sequence,Predicted_Affinity
>1,GAGCGAGTTCACAGTGGGCCGGCAGGAGGCGGCCACTGAACT,0.45763099193573
>2,TCCAGTGTAATCAATTTGCCATTAGATGGCTGGCTGGGTCCC,0.38020944595336914
>3,AAGATTCCCTTCAATTGACCAGAAGAGGGAAGCAGAGGACCT,0.9687005281448364
>4,TGGGGCTGGCGGAGGAAACCACCAGGTGTGGCCATGGGAAAG,0.056589484214782715
>5,TGTAGCATCGTGGAAAAGCCAGAAGGAGGTGGAGGTGAGCAG,2.481964588165283
>6,TGTTGTGTGTCCCCACGGCCACAAGGCGTCAGTAAAGACCTT,5.028803825378418
>7,TGGAGGGGCTGCCCAGTGCCAGTAGGGGCAAGGAGGGCCACA,0.14507955312728882
>8,TTCTCTTTCTAGGCTCAGGCAGCAGATGGCACGGTGACGTCA,0.28778085112571716
>9,CCTAGTTAGCCACGATGGCCGCCAGGGGGCCCAGGAGATGGC,3.5027310848236084
>10,AGCAGAGTCCAAGAGGATCCAAAAGATGGCGCTGTTACCAGG,3.741178274154663
